CCOc1ccccc1O[C@H]([C@@H]1CNCCO1)c1ccccc1,0.5228787452803376
Cc1ccccc1S[C@H]([C@@H]1CNCCO1)c1ccccc1,0.5228787452803376
OC1(N2CCN=C2c2ccccc12)c1ccc(Cl)cc1,0.3372421683184259
CNCCCN1c2ccccc2CCc2ccccc12,0.2218487496163564
COc1ccccc1S[C@H]([C@@H]1CNCCO1)c1ccccc1,0.11918640771920865
OC1(N2CCN=C2c2c1cccc2F)c1ccc(Cl)cc1,0.045757490560675115
COc1ccccc1O[C@H]([C@@H]1CNCCO1)c1ccccc1,0.022276394711152253
FCCOc1ccccc1S[C@H]([C@@H]1CNCCO1)c1ccccc1,-0.0
Fc1ccc(Oc2cc(F)c(F)cc2C2CCNCC2)cc1,-0.0
Cn1ccc2cc(ccc12)C1(Cc2ccccc2)CCNC1,-0.0
C(c1ccccc1)C1(CCNC1)c1ccc2[nH]ccc2c1,-0.0
C(c1ccccc1)C1(CCNC1)c1ccc2cc[nH]c2c1,-0.0
CCOC(=O)NCCNC(CC(C)C)C1(CCC1)c1ccc(Cl)c(Cl)c1,-0.0
Cc1ccccc1O[C@H]([C@@H]1CNCCO1)c1ccccc1,-0.00860017176191757
CCOc1ccccc1O[C@H]([C@H]1CNCCO1)c1ccccc1,-0.01703333929878037
CCOc1ccccc1OC(C1CNCCO1)c1ccccc1,-0.04139268515822508
CNCCC(Oc1cccc2ccccc12)c1cccs1,-0.06818586174616162
CNC[C@@H]1C[C@@]1(Oc1cccc2ccccc12)c1cccs1,-0.07554696139253074
CN1CC(c2ccc3sccc3c2)c2ccccc2C1,-0.07918124604762482
FCCCOc1ccccc1S[C@H]([C@@H]1CNCCO1)c1ccccc1,-0.08278537031645007
COC(=O)c1ccccc1O[C@H]([C@@H]1CNCCO1)c1ccccc1,-0.12057393120584989
COC(=O)c1ccccc1S[C@H]([C@@H]1CNCCO1)c1ccccc1,-0.13033376849500614
CC(C)CN(Cc1ccccc1Cl)C1CCNCC1,-0.146128035678238
COC(=O)[C@@H]1C2CC[C@H](C[C@@H]1c1ccc(I)cc1)N2C,-0.146128035678238
CN1CC(c2ccc3sccc3c2)c2ccc(cc2C1)-c1cccnn1,-0.146128035678238
CNCCCC1c2ccccc2C=Cc2ccccc12,-0.14921911265537988
CNCCC=C1c2ccccc2CCc2ccccc12,-0.17318626841227402
CNCCC(Oc1ccccc1OC)c1ccccc1,-0.2041199826559248
COC(=O)[C@@H]1[C@H]2CC[C@H](C[C@H]1c1ccc(C)c(F)c1)N2,-0.250420002308894
CC(C)CN(Cc1ccc(F)cc1C(F)(F)F)C1CCNCC1,-0.25527250510330607
CSc1ccc(cc1)C1CN2CCCC2c2ccccc12,-0.2600713879850748
COC(=O)[C@@H]1[C@H]2CC[C@H](C[C@H]1c1ccc(cc1)C#C)N2,-0.26951294421791633
COC(=O)[C@@H]1[C@H]2CC[C@H](C[C@H]1c1ccc(I)cc1)N2,-0.2966651902615311
CN1CC(c2ccc3occc3c2)c2ccccc2C1,-0.3010299956639812
CCOC(=O)NCCNC(CC(C)C)C1(CCC1)c1ccc(OCC)cc1,-0.3010299956639812
Fc1ccc(COc2ccc(F)cc2C2CCNCC2)cc1,-0.3010299956639812
CC(C)CN(Cc1ccc(Cl)cc1Cl)C1CCNCC1,-0.3010299956639812
CN1CC(c2ccccc2C1)c1cccc2ccoc12,-0.3010299956639812
CNCCC(Oc1ccccc1C)c1ccccc1,-0.3074960379132129
CSc1ccccc1O[C@H]([C@@H]1CNCCO1)c1ccccc1,-0.31386722036915343
CN(C)Cc1cc(O)ccc1Sc1ccccc1N,-1.5185139398778875
FC(F)(F)CN(Cc1ccccc1C(F)(F)F)C1CCNCC1,-1.5185139398778875
Fc1cccc(Cl)c1Oc1ncccc1C1CCNCC1,-1.5185139398778875
OC1(N2CCN=C2c2c1ccc1ccccc21)c1ccc(Cl)cc1,-1.5237464668115646
CC(C)C(=O)N(Cc1ccccc1Oc1ccccc1)[C@H]1CCNC1,-1.5314789170422551
COC(=O)[C@@H]1[C@@H]2CC[C@H](C[C@@H]1c1ccc(I)cc1)N2C,-1.5314789170422551
Fc1ccccc1COc1ccccc1C1CCNCC1,-1.5314789170422551
CN(C)[C@@H]1C[C@H](c2ccccc12)c1ccc(Cl)c(Cl)c1,-1.5314789170422551
CN(C)CCC=C1c2ccccc2CCc2ccccc12,-1.5440680443502757
CN1CC(c2ccccc2)c2ccc(C)cc2C1,-1.5440680443502757
CN1C[C@@H](c2cccc(F)c2)c2ccc(C)cc2C1,-1.5440680443502757
CN(C)Cc1ccccc1Sc1ccc(Br)cc1CO,-1.5440680443502757
COc1cc(Cl)ccc1OC(C1CNCCO1)c1ccccc1,-1.5563025007672873
CNCCC(Oc1cccc2ccccc12)c1ccc(C)cc1,-1.5563025007672873
COC(=O)[C@@H]1C2CC[C@H](C[C@@H]1c1ccc(C)cc1)N2C,-1.5563025007672873
CCCN([C@H]1CCNC1)C(=O)c1cccc(Cl)c1Cl,-1.5563025007672873
CN(C)CCCN1c2ccccc2CCc2ccccc12,-1.568201724066995
CCC(CC)N([C@H]1CCNC1)C(=O)c1cccc(Cl)c1Cl,-1.568201724066995
CN1CC(c2ccc(F)c(F)c2)c2cccc(C)c2C1,-1.568201724066995
CC(C)CN([C@H]1CCNC1)C(=O)c1ccc(Cl)cc1Cl,-1.568201724066995
COC(=O)C1C2CCC(CC1c1ccc(Cl)cc1)N2C,-1.568201724066995
CCCN([C@H]1CCNC1)C(=O)c1ccccc1SC,-1.568201724066995
O=C(NCCC[C@H]1C[C@H](Cc2ccccc2)CCN1)Nc1cccc(c1)C#N,-1.568201724066995
CN(C)Cc1cc(OCCF)ccc1Sc1ccc(F)cc1N,-1.568201724066995
CCOCCCCNC(CC(C)C)C1(CCC1)c1ccc(SC)cc1,-1.5705429398818975
CCNCC[C@@H](Oc1cccnc1OCC)c1ccccc1,-1.5717088318086876
CCCC(N1CCCC1)C(=O)c1ccc(Cl)c(Cl)c1,-1.5774917998372253
CN1CC(c2cc3ccccc3s2)c2ccccc2C1,-1.5786392099680724
CN(C)CCCN1c2ccccc2CCc2ccc(Cl)cc12,-1.5797835966168101
CNCCC1Cc2ccccc2N(C1=O)c1ccccc1,-1.5797835966168101
O=C(N(CC1CCC1)[C@@H]1CCNC1)c1ccccc1Oc1ccccc1,-1.5797835966168101
CCC(=O)OCCNC(CC(C)C)C1(CCC1)c1ccc(Cl)c(Cl)c1,-1.5820633629117087
CN1CC(c2ccc3sncc3c2)c2ccccc2C1,-1.586587304671755
CC(=O)c1cccc(NC(=O)NCCC[C@H]2C[C@H](Cc3ccccc3)CCN2)c1,-1.591064607026499
COC(=O)[C@@H]1C2CCC(C[C@@H]1c1ccc(Cl)cc1)N2C,-1.591064607026499
CNCC[C@@H](Oc1cccnc1OCCO)c1ccccc1,-1.591064607026499
C(C1CCOCC1)N(C1CCNCC1)c1ccc2[nH]ccc2c1,-1.599992177584098
Fc1ccc(cc1)[C@@H]1CCNC[C@H]1COc1ccc2OCOc2c1,-1.6020599913279623
CNCCC(Oc1cccc2ccccc12)c1cccc(C)c1,-1.6020599913279623
FC(F)Oc1ccccc1CC(N1CCNCC1)c1ccc(F)cc1,-1.6020599913279623
OC1(N2CCN=C2c2cc(Cl)c(Cl)cc12)c1ccc(Cl)cc1,-1.6020599913279623
C[C@@H](CCN1CCC(CCOC(c2ccc(F)cc2)c2ccc(F)cc2)CC1)c1ccccc1,-1.6020599913279623
CN(C)C[C@@H](c1cccc(Cl)c1)C1(O)CCCCC1,-1.6127838567197355
C(CNCC1CCCN(CCOC(c2ccccc2)c2ccccc2)C1)Cc1ccccc1,-1.6127838567197355
C(c1ccccc1)C1(CCNC1)c1cnc2[nH]ccc2c1,-1.6127838567197355
CC(C)CN(Cc1ccccc1C#N)C1CCNCC1,-1.6232492903979006
CNCCC(Oc1cccc2ccccc12)c1ccc(F)cc1,-1.6232492903979006
CN(CCCc1ccccc1)C1CCN(CCOC(c2ccccc2)c2ccccc2)CC1,-1.6232492903979006
COc1ccc(F)cc1CN(CC(C)C)C1CCNCC1,-1.6232492903979006
CC(N)C(O)c1ccccc1,-1.6242820958356683
Fc1ccc(cc1)C(OCCC1CCN(CC2=Cc3ccccc3CC2)CC1)c1ccc(F)cc1,-1.6334684555795864
CNCCCC1(C)Cc2cc(Cl)ccc2N(C1=O)c1ccc(C)cc1,-1.6334684555795864
CC(C)CN([C@H]1CCNC1)C(=O)c1cc(Cl)cc(Cl)c1,-1.6334684555795864
CC(C)CN(Cc1cccc(F)c1)C1CCNCC1,-1.6334684555795864
CC(C)c1ccccc1C(=O)N(C1CCC1)[C@H]1CCNC1,-1.6334684555795864
CNC(C)C(O)c1ccccc1,-1.6344772701607315
CN(C)C[C@H]1C2CCC(CC2)[C@H]1c1ccc(Cl)c(Cl)c1,-1.6434526764861874
CN(C)C[C@@H]1C2CCC(CC2)[C@@H]1c1ccc(Cl)c(Cl)c1,-1.6434526764861874
CNCCCC1(C)Cc2ccccc2N(C1=O)c1ccccc1,-1.6434526764861874
CCS(=O)(=O)CCCCNC(CC(C)C)C1(CCC1)c1ccc(Cl)c(Cl)c1,-1.6503075231319364
CN(C)CCc1cccc2[nH]cc(c12)S(=O)(=O)c1ccccc1,-1.6532125137753437
CNCC[C@H](Oc1cccc2ccccc12)c1cccs1,-1.6532125137753437
CN(C)CCC=C1c2ccccc2CSc2ccccc12,-1.662757831681574
CN1CCN(CC(c2cccc(Cl)c2)C2(O)CCCCC2)CC1,-1.662757831681574
Fc1ccccc1C(Cc1ccccc1OC(F)(F)F)N1CCNCC1,-1.662757831681574
CCOC(=O)N(Cc1ccccc1C(F)(F)F)[C@H]1CCNC1,-1.662757831681574
C1NCC(CC=C1)c1cc2ccccc2o1,-1.662757831681574
FC(F)Oc1ccccc1CC(N1CCNCC1)c1ccccc1F,-1.662757831681574
CCOCCNC(CC(C)C)C1(CCC1)c1ccc(Cl)c(Cl)c1,-1.6693168805661123
CN1CC(c2ccc(Cl)cc2)c2ccc(C)cc2C1,-1.6720978579357175
CCC1(CCCNC)Cc2cc(Cl)ccc2N(C1=O)c1ccc(C)cc1,-1.6720978579357175
CCN[C@@H]1C[C@H](c2ccccc12)c1ccc(Cl)c(Cl)c1,-1.6812412373755872
CCOC(=O)N(Cc1ccccc1C(C)C)[C@H]1CCNC1,-1.6901960800285136
CN1C2CCC1[C@@H](CNc1ccc(Br)nc1)[C@H](C2)c1ccc(Cl)cc1,-1.6901960800285136
O=C(CCCCN1CCC(CC1)c1ccccc1)c1nc2ccccc2s1,-1.6901960800285136
OCC[C@]1(CCCCNC1)c1ccc(Cl)c(Cl)c1,-1.6901960800285136
CN1[C@H]2CC[C@@H]1[C@H](C=C(Br)Br)[C@H](C2)c1ccc(Cl)cc1,-1.6901960800285136
CN1CCN(C[C@H](c2cccc(OC(F)(F)F)c2)C2(O)CCCCC2)CC1,-1.6989700043360187
CN1[C@H]2CC[C@@H]1[C@@H](C#Cc1ccc(N)cc1)[C@H](C2)c1ccc(Cl)cc1,-1.6989700043360187
CC(C)CN([C@H]1CCNC1)C(=O)c1ccc(Cl)c(Cl)c1,-1.6989700043360187
CN(C)C[C@H]1C2CCC(C2)[C@@H]1c1ccc2cc(O)ccc2c1,-1.6989700043360187
CC(CCNCCCC(N)=O)CC1(CCC1)c1ccc(Cl)c(Cl)c1,-1.6998377258672457
CC(C)CC(NCCCC(N)=O)C1(CCC1)c1ccc(Cl)c(Cl)c1,-1.6998377258672457
C(Cc1ccccc1)N(C1CCNCC1)c1ccc2[nH]ccc2c1,-1.7000110623221123
FC(F)(F)OCCN(Cc1ccccc1C(F)(F)F)C1CCNCC1,-1.7075701760979363
Fc1ccc(cc1)C(Cc1ccccc1OC(F)(F)F)N1CCNCC1,-1.7075701760979363
CCCCSCCCCNC(CC(C)C)C1(CCC1)c1ccc(Cl)c(Cl)c1,-1.7075701760979363
CN(C)C[C@H]1C2CCC(CC2)[C@@H]1c1cccc(Cl)c1,-1.7075701760979363
CCSCCCCNC(CC(C)C)C1(CCC1)c1ccc(Cl)cc1,-1.7149162479935849
CC(C)C(=O)N(Cc1cccc(Cl)c1Cl)[C@H]1CCNC1,-1.7160033436347992
CN(C)C(=O)N(Cc1ccccc1-c1ccccc1)[C@H]1CCNC1,-1.724275869600789
CCc1ccc2C(CN(C)Cc2c1)c1ccccc1,-1.7323937598229686
CN1CC=CC[C@H](C1)c1ccc(Cl)c(Cl)c1,-1.7323937598229686
O[C@@](Cc1ccccc1SC(F)(F)F)([C@@H]1CNCCO1)c1ccccc1,-1.73559889969818
CNCCC(Oc1cccc2ccccc12)c1nccs1,-1.7403626894942439
CN1[C@H]2CC[C@@H]1[C@H](C=C(Br)Br)[C@H](C2)c1ccc(C)cc1,-1.7403626894942439
CCCN[C@@H]1C[C@H](c2ccccc12)c1ccc(Cl)c(Cl)c1,-1.7403626894942439
COc1ccccc1C[C@](O)([C@@H]1CNCCO1)c1ccccc1,-1.7481880270062005
CN(C)Cc1cc(OCCO)ccc1Sc1ccc(F)cc1N,-1.7481880270062005
CN1CC=CC[C@@H](C1)c1ccc(Cl)c(Cl)c1,-1.7558748556724915
CSc1ccccc1Oc1cc(C)ncc1CN(C)C,-1.7634279935629373
OC1(CCCCC1)C(CN1CCNCC1)c1cccc(c1)C(F)(F)F,-1.7634279935629373
Oc1ccccc1C[C@@H](N1CCNCC1)c1ccccc1,-1.7634279935629373
FC(F)Oc1cccc(F)c1CC(N1CCNCC1)c1ccccc1,-1.7634279935629373
COc1c(ccc2sccc12)C1CN(C)Cc2cc(ccc12)-c1ccc(C)nn1,-1.7649229846498886
C(c1ccccc1)C1(CCNC1)c1c[nH]c2ccccc12,-1.7781512503836436
FC(F)(F)c1ccccc1C(=O)N(C1CCC1)[C@H]1CCNC1,-1.7781512503836436
CCN(Cc1ccccc1C(F)(F)F)C1CCNCC1,-1.7853298350107671
CN(C)Cc1ccccc1Sc1ccc(C)cc1N,-1.7853298350107671
CN1C2CCC1[C@H]([C@H](C2)c1ccc(C)cc1)c1ccc(F)cc1,-1.7853298350107671
CN([C@H]1CCNC1)C(=O)c1ccccc1Oc1ccccc1,-1.7853298350107671
CN1CCN(CC(c2cccc(c2)C(F)(F)F)C2(O)CCCCC2)CC1,-1.7853298350107671
CNCC[C@@H](Oc1cccc2ccccc12)c1cccs1,-1.787460474518415
CNCCCC1Cc2ccccc2N(C1=O)c1ccc(Cl)c(Cl)c1,-1.792391689498254
CC(C)C(=O)N(Cc1ccccc1C(F)(F)F)[C@H]1CCNC1,-1.7993405494535817
Clc1ccc(cc1Cl)C12CC1CNC2,-1.7993405494535817
C(N(C1CCCNC1)c1ccc2[nH]ccc2c1)c1ccccc1,-1.8000293592441343
CC(C)CN([C@H]1CCNC1)C(=O)c1ccccc1C(C)C,-1.8129133566428555
CSc1ccccc1CN([C@H]1CCNC1)C(=O)C(C)C,-1.8129133566428555
Clc1ccc(cc1Cl)[C@H]1CNCC=CC1,-1.8195439355418688
CN1C2CCC1[C@@H](CNc1cccc(F)n1)[C@H](C2)c1ccc(Cl)cc1,-1.8195439355418688
CNCCC(Oc1cccc2ccccc12)c1cccc(Br)c1,-1.8260748027008264
CC(C)CN([C@H]1CCNC1)C(=O)c1cccc(F)c1Cl,-1.8260748027008264
FCCCOC(=O)C1C2CCC(CC1c1cccc(\C=C/I)c1)N2,-1.8293037728310249
CCN(CC)C(=O)[C@@]1(C[C@@H]1CN)c1ccccc1,-1.8325089127062364
COC(=O)[C@H]1C2CC[C@@H]3C[C@@H]1\C(CN23)=C\c1ccccc1,-1.8325089127062364
COc1ccc2cc(ccc2c1)[C@H]1C2CCC(C2)[C@@H]1CN(C)C,-1.8325089127062364
CC(C)CN(Cc1ccc(C)cc1)C1CCNCC1,-1.8388490907372552
CCOc1ncccc1O[C@H](CCN)c1ccccc1,-1.8388490907372552
CC(C)CN([C@H]1CCNC1)C(=O)c1cccc(F)c1C,-1.8388490907372552
CCCC(N1CCCC1)C(=O)c1ccc(cc1)C#CC,-1.8438554226231612
CC(C)C(=O)N(Cc1ccccc1C(C)C)[C@H]1CCNC1,-1.845098040014257
CNCCC(Oc1cccc2ccccc12)c1cccc(c1)C(F)(F)F,-1.845098040014257
CCCC1(CCNC1)c1ccc2[nH]ccc2c1,-1.8512583487190752
CN1CCN2[C@H](C1)c1ccccc1Cc1ccccc21,-1.8512583487190752
Cc1ccccc1C(=O)N(CC1CCC1)[C@H]1CCNC1,-1.8573324964312685
CCCOCCCN[C@H](CC(C)C)C1(CCC1)c1ccc(Cl)c(Cl)c1,-1.8573324964312685
O=S(=O)(c1c[nH]c2cccc(CCN3CCCC3)c12)c1ccccc1,-1.863322860120456
Fc1cccc(Cl)c1Oc1ncccc1OC1CNC1,-1.863322860120456
CN1CC(c2cc3ccccc3s2)c2ccc(cc2C1)-c1cncnc1,-1.863322860120456
CNCCC(Oc1cccc2ccccc12)c1ccc(OC)cc1,-1.8692317197309762
CC(C)C(=O)N(Cc1ccccc1C1CC1)[C@H]1CCNC1,-1.8692317197309762
CN1CCCCC(C1)c1ccc(Cl)c(Cl)c1,-1.8692317197309762
CCc1cc(Cl)ccc1Oc1cc(C)ncc1CNC,-1.8692317197309762
Clc1ccccc1Oc1ncccc1C1CCNCC1,-1.8692317197309762
CN1CC(c2cc3ccccc3s2)c2ccc(cc2C1)-c1cnccn1,-1.8750612633917
CN1[C@H]2CC[C@@H]1[C@@H](C#C)[C@H](C2)c1ccc(Cl)cc1,-1.8750612633917
CC(C)N[C@@H]1C[C@H](c2ccccc12)c1ccc(Cl)c(Cl)c1,-1.8750612633917
CNC[C@H]1C[C@@]1(Oc1cccc2ccccc12)c1cccs1,-1.8790958795000727
C(Oc1ccccc1C1CCNCC1)c1ccccc1,-1.8808135922807914
CNCCCC1(C)Cc2ccccc2N(C1=O)c1ccc(F)c(F)c1,-1.8864907251724818
FC(F)(F)Oc1ccccc1CC(N1CCNCC1)c1ccccc1,-1.8864907251724818
CCCC(=O)NCCNC(CC(C)C)C1(CCC1)c1ccc(Cl)c(Cl)c1,-1.8904210188009143
CCNCCc1cccc2[nH]cc(c12)S(=O)(=O)c1ccccc1,-1.8920946026904804
CC(C)CN(Cc1ccc(F)cc1)C1CCNCC1,-1.8920946026904804
CNCCC(Oc1cccc2ccccc12)c1ccc(Cl)cc1,-1.8920946026904804
CNCCCC1Cc2ccccc2N(C1=O)c1cccc(Cl)c1,-1.8976270912904414
O[C@H](CCc1ccccc1)CN1CCC(CCOC(c2ccc(F)cc2)c2ccc(F)cc2)CC1,-1.8976270912904414
Fc1ccc(CCNC2CCN(CCOC(c3ccccc3)c3ccccc3)CC2)cc1,-1.8976270912904414
NS(=O)(=O)c1cccc(CN(C2CCNCC2)c2ccc3[nH]ccc3c2)c1,-1.899984562549391
Fc1cccc(OCc2ccccc2N2CCNCC2)c1F,-1.9030899869919435
CN1CC(c2cc3ccccc3s2)c2ccc(cc2C1)N1CCCCC1,-1.9063350418050906
CNCCC(Oc1cccc2ccccc12)c1cccc(OC)c1,-1.9084850188786497
CCNCC[C@@H](Oc1cccnc1OC)c1ccccc1,-1.9106244048892012
Fc1ccc(cc1)C(OCCNCCCNCCc1ccccc1)c1ccc(F)cc1,-1.9138138523837167
CNCc1cc(ccc1Oc1ccc(Cl)c(Cl)c1)C(=O)N1CCN(CC1)C(C)C,-1.9138138523837167
CNCc1cnc(C)cc1Oc1ccccc1C(C)C,-1.9138138523837167
COc1ccccc1CC(N1CCNCC1)c1ccccc1,-1.919078092376074
Cc1ccc(cc1Cl)C1CNCC=CC1,-1.919078092376074
COc1cc(Cl)ccc1OC(C1CNCCO1)c1ccccc1C,-1.9242792860618816
COc1c(F)cccc1CC(N1CCNCC1)c1ccccc1,-1.9242792860618816
COc1ccc(cc1)C1(O)N2CCCN=C2c2ccccc12,-1.9242792860618816
CCC(CC)N(Cc1ccccc1C(F)(F)F)C1CCNCC1,-1.9344984512435677
CN(C)[C@H]1C[C@H](c2ccccc12)c1ccc(Cl)c(Cl)c1,-1.9344984512435677
CS(=O)(=O)N(Cc1ccccc1C(F)(F)F)[C@H]1CCNC1,-1.9344984512435677
CSc1ccccc1CN([C@H]1CCNC1)S(C)(=O)=O,-1.9344984512435677
COC(=O)[C@@H]1C2CCC(C[C@@H]1c1ccc(Br)cc1)N2C\C=C\CF,-1.9395192526186185
CNCCC(c1c[nH]c2ccccc12)c1ccccc1,-1.9493900066449128
CCOC(=O)N(Cc1ccccc1SC)[C@H]1CCNC1,-1.9493900066449128
CCN(CC)c1ccc2c(-c3ccc(cc3S([O-])(=O)=O)S(=O)(=O)NCCCCCC(=O)NCCN3C4CCC3[C@H]([C@H](C4)c3ccc(Cl)c(Cl)c3)C(=O)OC)c3ccc(cc3oc2c1)=[N+](CC)CC,-1.9590413923210936
CN1CCN(CC(c2cccc(OC(F)(F)F)c2)C2(O)CCCCC2)CC1,-1.9590413923210936
CC(C)CN(Cc1ccccc1)C1CCNCC1,-1.9590413923210936
CCCN([C@H]1CCNC1)C(=O)c1ccccc1C(C)C,-1.9637878273455553
CNCCCC1Cc2ccccc2N(C1=O)c1ccc(F)cc1,-1.9637878273455553
CC(=O)c1cc(NC(=O)NCCC[C@H]2C[C@H](Cc3ccc(F)cc3)CCN2)cc(c1)C(C)=O,-1.9777236052888478
CN(C)Cc1cc(OCCCF)ccc1Sc1ccc(F)cc1N,-1.9777236052888478
CCCC(N1CCCC1)C(=O)c1ccc(cc1)-c1ccco1,-1.9777236052888478
FC(F)(F)CN([C@H]1CCNC1)C(=O)c1cccc(Cl)c1Cl,-1.9777236052888478
CNCc1cc(ccc1Oc1ccc(SC)cc1)C#CCCN1CCC(F)CC1,-1.9822712330395684
OCCN(Cc1ccc(F)cc1C(F)(F)F)C1CCNCC1,-1.9822712330395684
CS(=O)(=O)N(Cc1ccccc1Oc1ccccc1)[C@H]1CCNC1,-1.9822712330395684
COc1ccc2CN(CCc2c1)[C@H]1CC[C@@H](CC1)c1c[nH]c2ccc(cc12)C#N,-1.9854264740830017
CN(C)Cc1cc(OCCF)ccc1Sc1ccc(Cl)cc1N,-1.9867717342662448
COc1ccccc1CC(N1CCNCC1)c1ccccc1F,-1.9867717342662448
Fc1ccc(Oc2cccc(F)c2C2CCNCC2)cc1,-1.9867717342662448
CNC[C@H]1C2CCC(C2)[C@@H]1c1ccc2ccccc2c1,-1.99563519459755
CN1C2CCC1[C@@H]([C@H](C2)c1ccc(Cl)cc1)C(=O)NCCc1ccc(CNC(=O)[C@@H]2C3CCC(C[C@@H]2c2ccc(Cl)cc2)N3C)cc1,-2.0
OC1(N2CCN=C2c2ccccc12)c1ccccc1,-2.0
CN1CC(c2ccccc2)c2cccc(C)c2C1,-2.0
COc1ccccc1CC(N1CCNCC1)c1ccc(F)cc1,-2.0
FCCOC(=O)C1C2CCC(CC1c1cccc(\C=C/Br)c1)N2,-2.0056094453602804
FCCCOc1ccc2CN(CCc2c1)[C@H]1CC[C@@H](CC1)c1c[nH]c2ccc(cc12)C#N,-2.0086001717619175
COC(=O)[C@@H]1C2CCC(C[C@@H]1c1cccc(\C=C\I)c1)N2,-2.009450895798694
CC(C)CN([C@H]1CCNC1)C(=O)c1cccc(c1Cl)C(F)(F)F,-2.012837224705172
C[C@@H](CN1CCC(CCOC(c2ccc(F)cc2)c2ccc(F)cc2)CC1)Cc1ccccc1,-2.012837224705172
Fc1cccc(OCc2ccccc2N2CCNCC2)c1,-2.0170333392987803
CSc1ccc(cc1)C1CN(C)Cc2cc(OCCCN3CCOCC3)ccc12,-2.0253058652647704
COC(=O)[C@@H]1[C@H]2CC[C@@H](C[C@@H]1OC(=O)c1ccccc1)N2C,-2.03342375548695
CN(C)Cc1ccccc1Sc1ccc(CCCO)cc1N,-2.03342375548695
CCC[C@H](N1CCCC1)C(=O)c1ccc(C)cc1,-2.037426497940624
FCCOC(=O)C1C2CCC(CC1c1cccc(\C=C/I)c1)N2,-2.0409976924234905
CNCCC(Oc1cccc2ccccc12)c1ccccc1C,-2.041392685158225
COC(=O)C(C1CCCCN1)c1ccc(Cl)cc1,-2.041392685158225
Fc1cccc(Oc2c(F)cccc2Cl)c1O[C@@H]1CCNC1,-2.041392685158225
CN(CCc1ccc(F)cc1)CC1CCCN(CCOC(c2ccccc2)c2ccccc2)C1,-2.041392685158225
CN(C)CC1C2CCC(C2)C1c1ccc2ccccc2c1,-2.0453229787866576
COC(=O)C1C2CCC(CC1c1ccc(\C=C/Br)cc1)N2C,-2.0453229787866576
CNCc1cc(ccc1Oc1ccc(Cl)cc1)C(=O)N1CCCN(CC1)C1CC1,-2.0492180226701815
CN(C)Cc1cc(OCCF)ccc1Sc1ccc(Br)cc1N,-2.0569048513364727
CCOc1ccc2C(CN(C)Cc2c1)c1ccccc1,-2.060697840353612
Cc1ccc(C2CCNCC2)c(Oc2ccc(F)cc2)c1,-2.060697840353612
Cc1cccc(F)c1Oc1cccc(F)c1OC1CNC1,-2.0644579892269186
CN1CC(c2ccccc2)c2cc(C)ccc2C1,-2.0644579892269186
OC1(CCCCC1)[C@H](CN1CCNCC1)c1cccc(OC(F)(F)F)c1,-2.0681858617461617
O=CN(Cc1ccccc1-c1ccccc1)[C@H]1CCNC1,-2.0718820073061255
CCSc1ccc(cc1)[C@H]1CC2CCC(N2)[C@H]1C(=O)OC,-2.0718820073061255
COC(=O)C1C2CCC(CC1c1cccc(I)c1)N2,-2.0718820073061255
CSc1ccc(cc1)C1CN(C)Cc2cc(OCCCN3CCC(F)CC3)ccc12,-2.0718820073061255
CCSCCNC(CC(C)C)C1(CCC1)c1ccc(Cl)c(Cl)c1,-2.0755469613925306
CCSCCNC(CC)C1(CCC1)c1ccc(Cl)c(Cl)c1,-2.0755469613925306
CCC(NC(CC(C)C)C1(CCC1)c1ccc(Cl)cc1)C([O-])=O,-2.0791812460476247
CNC[C@H]1C2CCC(C2)[C@@H]1c1ccc2cc(OC)ccc2c1,-2.0791812460476247
C(CNC1CCN(CCOC(c2ccccc2)c2ccccc2)CC1)Cc1ccccc1,-2.0791812460476247
CN1CC=CCC(C1)c1cc2ccccc2o1,-2.0791812460476247
CC(C)CC(C1CCCCN1)c1ccc(Cl)c(Cl)c1,-2.0791812460476247
CN1C2CCC1[C@@H]([C@H](C2)c1ccc(Cl)cc1)C(=O)OCCn1cc(COC(=O)[C@@H]2C3CCC(C[C@@H]2c2ccc(Cl)cc2)N3C)nn1,-2.0791812460476247
COC(=O)[C@@H]1C2CCC(C[C@@H]1c1ccc(SC)c(Br)c1)N2C,-2.0827853703164503
COc1ccc(cc1)[C@@H]1CN(C)Cc2cc(OCCCN3CCOC[C@@H]3C)ccc12,-2.0827853703164503
CC(=O)N(Cc1ccccc1-c1ccccc1)[C@H]1CCNC1,-2.093421685162235
CC1CCCCN1CCc1cccc2[nH]cc(c12)S(=O)(=O)c1ccccc1,-2.0969100130080562
CN(C)CC(c1ccccc1Cl)C1(O)CCCCC1,-2.0969100130080562
COC(=O)[C@@H]1C2CCC(C[C@@H]1c1ccc(SC(C)C)cc1)N2C,-2.110589710299249
Fc1cccc(OC(C2CNCCO2)c2ccccc2)c1F,-2.113943352306837
Fc1ccc(cc1Cl)C1CNCC=CC1,-2.113943352306837
CN1CC=CCC(C1)c1ccc(Cl)c(C)c1,-2.113943352306837
CN[C@H]1C[C@H](c2ccccc12)c1ccc(Cl)c(Cl)c1,-2.113943352306837
Clc1ccc(cc1Cl)C1CCCCNC1,-2.113943352306837
CN(C)Cc1cnc(C)cc1Oc1ccccc1Cl,-2.1172712956557644
CC(C)CN([C@H]1CCNC1)C(=O)c1cccc(Cl)c1,-2.130333768495006
CN1CC(c2ccccc2)c2ccc(C)c(C)c2C1,-2.130333768495006
CCCC(N1CCCC1)C(=O)c1ccc2ccccc2c1,-2.1335389083702174
COc1cccc2C(CN(C)Cc12)c1ccccc1,-2.1335389083702174
CN1CC(c2ccccc2)c2cccc(O)c2C1,-2.1367205671564067
Fc1cccc(Oc2c(F)cccc2Cl)c1OC1CNC1,-2.1398790864012365
CC(C)CN([C@H]1CCNC1)C(=O)c1cccc(Cl)c1F,-2.143014800254095
FC(F)(F)c1ccccc1Oc1ncccc1C1CCNCC1,-2.146128035678238
CNCc1cc(ccc1Oc1ccc(Cl)c(Cl)c1)C(=O)N1CCCN(CC1)C1CC1,-2.146128035678238
OC1(CCCCC1)C(CN1CCNCC1)c1cccc(OC(F)(F)F)c1,-2.146128035678238
CN(C)Cc1ccccc1Sc1ccc(F)cc1N,-2.1513698502474603
COC(=O)[C@@H]1C2CCC(C[C@@H]1c1ccc(Cl)cc1)N2C\C=C\CF,-2.1522883443830563
O[C@@H](CN1CCC(CCOC(c2ccc(F)cc2)c2ccc(F)cc2)CC1)Cc1ccccc1,-2.155336037465062
Fc1ccc(Oc2ncccc2C2CCNCC2)c(F)c1,-2.155336037465062
COC(=O)[C@@H]1C2CCC(C[C@@H]1c1ccc(I)cc1)N2C\C=C\CF,-2.161368002234975
COc1ccccc1CN(CC(C)C)C1CCNCC1,-2.161368002234975
CNCCCC1(C)Cc2ccccc2N(C1=O)c1cccc(C)c1,-2.164352855784437
O[C@@](Cc1ccccc1)([C@@H]1CNCCO1)c1ccccc1,-2.1702617153949575
FC(F)(F)c1ccccc1CN([C@H]1CCNC1)C(=O)C1CCC1,-2.1702617153949575
CN(C)C[C@@H]1C2CCC(C2)[C@H]1c1ccc2ccccc2c1,-2.173186268412274
CN(C)CC(c1cccc(Cl)c1)C1(O)CCCCC1,-2.173186268412274
CC(C)CN(Cc1cccc(C)c1)C1CCNCC1,-2.1760912590556813
CCc1ccc(cc1)N1C(=O)C(CCCNC)Cc2ccccc12,-2.1760912590556813
CNCCCC1(Cc2ccccc2N(C1=O)c1ccc(C)cc1)C(C)C,-2.1760912590556813
CN1[C@H]2CC[C@@H]1[C@@H](C#C)[C@H](C2)c1ccc(C)cc1,-2.1760912590556813
CCCC(N1CCCC1)C(=O)c1ccc(CO)cc1,-2.1760912590556813
CC(C)(C)N[C@@H]1C[C@H](c2ccccc12)c1ccc(Cl)c(Cl)c1,-2.1760912590556813
CCN(C)[C@@H]1C[C@H](c2ccccc12)c1ccc(Cl)c(Cl)c1,-2.1760912590556813
Fc1ccc(CCN2CCCC(CNCCOC(c3ccccc3)c3ccccc3)C2)cc1,-2.1760912590556813
CNC(=O)c1cc2cc(ccc2[nH]1)C1(Cc2ccccc2)CCNC1,-2.1789769472931693
CN(C)C[C@H]1C2CCC(C2)[C@@H]1c1ccc2ccccc2c1,-2.1818435879447726
CNC[C@@H]1C[C@]1(Oc1cccc2ccccc12)c1cccs1,-2.184691430817599
CCOc1ccccc1OCC1CNCCO1,-2.1903316981702914
CCCc1ccccc1Oc1cc(C)ncc1CN(C)C,-2.2013971243204513
COC(=O)[C@@H]1[C@H]2CC[C@H](C[C@@H]1c1ccc(OC)c(Br)c1)N2C,-2.2041199826559246
C[C@H](CN1CCC(CCOC(c2ccc(F)cc2)c2ccc(F)cc2)CC1)Cc1ccccc1,-2.2041199826559246
CNCCC(Oc1cccc2ccccc12)c1ccc(Br)cc1,-2.2041199826559246
CCCCCC(C1CCCCN1)c1ccc(Cl)cc1,-2.2041199826559246
COc1cc(ccc1OC(C1CNCCO1)c1ccccc1)C(F)(F)F,-2.2041199826559246
COC(=O)[C@@H]1C2CCC(C[C@H]1c1ccc(C)cc1)N2C,-2.2041199826559246
COC(=O)C1C2CCC(CC1c1ccc(C=C(Br)Br)cc1)N2C,-2.2068258760318495
Fc1ccc(COc2ccccc2C2CCNCC2)cc1,-2.2095150145426308
Fc1cccc(Oc2c(Cl)cccc2Cl)c1OC1CNC1,-2.214843848047698
CNCCCC1(C)Cc2ccccc2N(C1=O)c1cc(F)cc(F)c1,-2.2174839442139063
C(Oc1ccccc1N1CCNCC1)c1ccccc1,-2.225309281725863
CC(C)CN([C@@H]1CCNC1)C(=O)c1cccc(Cl)c1Cl,-2.2278867046136734
Fc1cccc(Oc2ccccc2)c1C1CCNCC1,-2.230448921378274
Cc1ccc(C2CCNCC2)c(Oc2cccc(F)c2)c1,-2.230448921378274
CCN[C@H]1C[C@H](c2ccccc12)c1ccc(Cl)c(Cl)c1,-2.230448921378274
Clc1ccc(cc1)C1N2CCN=C2c2ccccc12,-2.230448921378274
Cc1cc(ccc1Cl)C1CNCC=CC1,-2.230448921378274
CC(C)N([C@H]1CCNC1)C(=O)c1ccccc1C(F)(F)F,-2.2355284469075487
CC(C)CN(Cc1cc(ccc1Cl)C(F)(F)F)C1CCNCC1,-2.2430380486862944
CC(=O)c1ccc2n(CCCCN3CCN(CC3)c3ccc(F)cc3)c(=O)oc2c1,-2.247973266361807
CCN(CC)c1ccc2c(-c3ccc(cc3S([O-])(=O)=O)S(=O)(=O)NCCCCCC(=O)NCCOC(=O)[C@@H]3C4CCC(C[C@@H]3c3ccc(Cl)c(Cl)c3)N4C)c3ccc(cc3oc2c1)=[N+](CC)CC,-2.247973266361807
CCOc1ccccc1Oc1cc(C)ncc1CN(C)C,-2.2528530309798933
CCC(NC(CC(C)C)C1(CCC1)c1ccc(Cl)cc1)C(=O)OCC(C)C,-2.255272505103306
COC(=O)[C@@H]1[C@H]2CC[C@H](C[C@@H]1c1ccc(OC)c(I)c1)N2C,-2.255272505103306
C(COC(c1ccccc1)c1ccccc1)NC1CCN(Cc2ccccc2)CC1,-2.255272505103306
COc1cc(Cl)ccc1OC(C1CNCCO1)c1ccc(C)cc1,-2.255272505103306
FC(F)Oc1ccccc1CC(N1CCNCC1)c1ccccc1,-2.255272505103306
CN1C2CCC1[C@@H]([C@H](C2)c1ccc(Cl)cc1)C(=O)NCCc1ccc(NC(=O)[C@@H]2C3CCC(C[C@@H]2c2ccc(Cl)cc2)N3C)cc1,-2.255272505103306
Fc1cccc(F)c1Oc1ncccc1C1CCNCC1,-2.2576785748691846
COC(=O)[C@@H]1C2CCC(C[C@@H]1C(=O)Oc1ccccc1)N2C,-2.2600713879850747
CN(C)CC1C2CCC(C2)C1c1cccc2ccccc12,-2.2624510897304293
C(Oc1ccccc1)c1ccccc1N1CCNCC1,-2.2624510897304293
N#Cc1ccc2[nH]cc([C@H]3CC[C@@H](CC3)N3CCc4ccccc4C3)c2c1,-2.2648178230095364
CN1CCN(C[C@@H](c2cccc(Cl)c2)C2(O)CCCCC2)CC1,-2.271841606536499
COC(=O)[C@@H]1[C@H]2CC[C@@H](C[C@@H]1c1ccc(C)cc1)N2C\C(I)=C\C(F)(F)F,-2.27415784926368
CC(C)CC(C1CCCCN1C)c1ccc(Cl)c(Cl)c1,-2.278753600952829
Fc1ccc(CCNCC2CCCN(CCOC(c3ccccc3)c3ccccc3)C2)cc1,-2.278753600952829
CC(C)CN(Cc1ccc(cc1)C#N)C1CCNCC1,-2.278753600952829
CNCCCC1Cc2ccccc2N(C1=O)c1ccccc1,-2.278753600952829
C(Oc1cc(COc2ccccc2)on1)[C@@H]1CCN1,-2.2810333672477277
COc1ccc(cc1)[C@@H]1C2CCC(C[C@@H]1c1ccc(C)cc1)N2C,-2.2810333672477277
Fc1cccc(Oc2ccccc2Cl)c1OC1CCNC1,-2.2833012287035497
C(Oc1ccccc1C1CC1)c1ccccc1N1CCNCC1,-2.2833012287035497
CN(C)Cc1ccccc1Sc1ccc(CCO)cc1N,-2.287801729930226
CN(C)Cc1cnc(C)cc1Oc1ccccc1C,-2.287801729930226
CN(CCCN(C)CCc1ccccc1)CCOC(c1ccccc1)c1ccccc1,-2.287801729930226
CCN(CC)c1ccc2c(-c3ccc(cc3S([O-])(=O)=O)S(=O)(=O)NCCCCCC(=O)NCCN3[C@@H]4CC[C@@H]3[C@H]([C@H](C4)c3ccc(Cl)c(Cl)c3)C(=O)OC)c3ccc(cc3oc2c1)=[N+](CC)CC,-2.287801729930226
CCCC(N1CCCC1)C(=O)c1ccc(C)cc1,-2.290034611362518
CC(C)CN([C@H]1CCNC1)C(=O)c1cc(Cl)ccc1Cl,-2.296665190261531
Fc1cccc(Oc2ccccc2Cl)c1OC1CNC1,-2.296665190261531
CCCC(N1CCCC1)C(=O)c1ccccc1,-2.298853076409707
C(N(C1CCNCC1)c1ccc2sccc2c1)c1ccccc1,-2.3010299956639813
CNCCN(c1ccccc1)c1ccc2[nH]ccc2c1,-2.3010299956639813
CCCC(C1CCCCN1)c1ccc(Cl)cc1,-2.3010299956639813
CNCCCC1(C)Cc2ccccc2N(C1=O)c1cc(Cl)cc(Cl)c1,-2.3010299956639813
CNCCCC1(C)Cc2ccccc2N(C1=O)c1ccc(cc1)C(C)C,-2.3010299956639813
CNCCCCC1Cc2ccccc2N(C1=O)c1ccccc1,-2.3010299956639813
CN(C)CCC(Oc1ccccc1)c1ccc(OCCCN2CCCCC2)cc1,-2.303196057420489
C(Oc1cc(COc2ccccc2)on1)[C@@H]1CCCN1,-2.307496037913213
O=S(=O)(c1c[nH]c2cccc(CCN3CCCCCC3)c12)c1ccccc1,-2.3180633349627615
COC(=O)[C@H]1C2CC[C@@H]3C[C@@H]1\C(CN23)=C\c1ccc(OC)cc1,-2.3180633349627615
O[C@@H](CCN1CCC(CCOC(c2ccccc2)c2ccccc2)CC1)c1ccccc1,-2.322219294733919
COc1cc(ccc1OC(C1CNCCO1)c1ccccc1)C#N,-2.322219294733919
OC1(CCCCC1)[C@@H](CN1CCNCC1)c1cccc(Cl)c1,-2.330413773349191
CCCC(N1CCCC1)C(=O)c1cccc(C)c1,-2.3344537511509307
CCN([C@H]1CCNC1)C(=O)c1cccc(Cl)c1Cl,-2.3364597338485296
Fc1cccc(Oc2c(F)cccc2Cl)c1OC1CCNCC1,-2.3384564936046046
CCCC(N1CCCC1)C(=O)c1ccc(O)c(O)c1,-2.3404441148401185
CN(C)Cc1ccccc1Sc1ccc(CCCF)cc1N,-2.3404441148401185
COC(=O)[C@@H]1C2CCC(C[C@@H]1c1ccc(SC)cc1)N2C,-2.342422680822206
CSc1nc(NC2CCCC2)c(c(NC2CCCC2)n1)[N+]([O-])=O,-2.3502480183341627
Fc1cccc(Oc2c(F)cccc2Cl)c1OC1CCNC1,-2.3541084391474008
CN1[C@H]2CC[C@@H]1[C@@H](C#Cc1ccc(cc1)[N+]([O-])=O)[C@H](C2)c1ccc(Cl)cc1,-2.361727836017593
CCCCC(C1CCCCN1)c1ccc(Cl)cc1,-2.361727836017593
CN(C)Cc1ccccc1Sc1ccc(Cl)cc1N,-2.361727836017593
CN1CC[C@@H]([C@H](CCCN2CCS[Re]3(=O)SCCN3CC2)C1)c1ccc(Cl)cc1,-2.3636119798921444
CNCc1cnc(C)cc1Oc1ccccc1SC,-2.3654879848909
CC(=O)c1cccc(NC(=O)NCCC[C@H]2C[C@H](Cc3ccc(F)cc3)CCN2)c1,-2.367355921026019
CN(C)Cc1ccccc1Sc1ccc(I)cc1CO,-2.369215857410143
CN1CC(c2ccccc2)c2ccccc2C1,-2.376576957056512
COC(=O)C1C2CCC(CC1c1ccc(Cl)cc1)N2CCF,-2.380211241711606
CNCc1cc(ccc1Oc1ccc(SC)c(C)c1)C#CCCN1CCOCC1,-2.380211241711606
CNCCC(Oc1ccc(cc1)C(F)(F)F)c1ccccc1,-2.380211241711606
CN1C2CCC1C(C(C2)c1ccc(Cl)cc1)C(=O)Oc1ccccc1,-2.3843354899342843
Fc1ccc(Cl)c(Oc2ncccc2C2CCNCC2)c1,-2.392696953259666
CN(C)CC(c1ccc(Cl)cc1)C1(O)CCCCC1,-2.3961993470957363
C[C@@](CCc1ccc(cc1)-c1ccccc1)(C(=O)NO)S(C)(=O)=O,-2.3979400086720375
CNCc1cc(ccc1Oc1ccc(SC)cc1)C#CCCN(C)C1CC1,-2.3979400086720375
OCC[C@]1(CCCNC1)c1ccc(Cl)c(Cl)c1,-2.3979400086720375
Clc1ccc(cc1)C1CNCC=CC1,-2.3979400086720375
Fc1ccc(CN(C2CCNCC2)c2ccc3[nH]ccc3c2)cc1,-2.400002345927956
CC(C)CN(Cc1cccc(c1)C(F)(F)F)C1CCNCC1,-2.406540180433955
CNCc1cnc(C)cc1Oc1ccccc1Cl,-2.406540180433955
CN1CC[C@@H](Cc2ccc(F)cc2)C[C@@H]1CCCNC(=O)Nc1cccc(c1)C(C)=O,-2.4099331233312946
CC(C)CC(N1CCCC1)C(=O)c1ccc(C)cc1,-2.413299764081252
CN1C2CCC1CC(C2)NC(c1ccc(Cl)c(Cl)c1)c1ccc(Cl)c(Cl)c1,-2.413299764081252
CC(C)N(C)[C@@H]1C[C@H](c2ccccc12)c1ccc(Cl)c(Cl)c1,-2.4149733479708178
CN(CCOC(c1ccc(F)cc1)c1ccc(F)cc1)CCN(C)CCOC(c1ccc(F)cc1)c1ccc(F)cc1,-2.416640507338281
CCC(N1CCCC1)C(=O)c1ccc(Cl)c(Cl)c1,-2.4183012913197452
CC(C)CN([C@H]1CCNC1)C(=O)c1ccc(F)cc1Cl,-2.419955748489758
COC(=O)[C@@H]1C2CCC(C[C@@H]1c1ccc(C)cc1)N2C\C=C\CF,-2.423245873936808
CNCC1C2CCC(C2)C1c1ccc2ccccc2c1,-2.424881636631067
CCOC(=O)C1=C(CCNC1)c1ccc2ccccc2c1,-2.428134794028789
CN(C)Cc1ccccc1Sc1ccc(C=C)cc1N,-2.429752280002408
COC(=O)[C@@H]1[C@H]2CC[C@H](C[C@@H]1c1ccc(OC)c(F)c1)N2C,-2.4313637641589874
COC(=O)[C@@H]1C2CCC(C[C@H]1c1ccccc1)N2C,-2.432969290874406
C(N[C@H]1CCNC1)c1ccccc1-c1ccccc1,-2.432969290874406
CCOc1c(Cl)cccc1OC(C1CNCCO1)c1ccccc1,-2.439332693830263
COc1cccc(F)c1Oc1ncccc1C1CCNCC1,-2.4409090820652177
CN1[C@@H](CCC[C@@H]1\C=C\c1ccccc1)\C=C\c1ccccc1,-2.4424797690644486
CN(C)Cc1cc(OCCCO)ccc1Sc1ccc(Br)cc1N,-2.4456042032735974
COC(=O)[C@H]1[C@H]2CCC(C[C@H]1c1ccc(Cl)cc1)N2C,-2.4471580313422194
CN1C2CCC1[C@H]([C@H](C2)c1ccc(C)cc1)c1ccccc1,-2.4471580313422194
CN(C)Cc1ccccc1Oc1ccc(I)cc1N,-2.456366033129043
CC1(CCNC1)c1ccc2[nH]ccc2c1,-2.459392487759231
CNCc1cc(ccc1Oc1ccc(SC)cc1)C#CCCN1CCOCC1,-2.462397997898956
CN1CCC(CC1)=C1c2ccccc2C=Cc2ccccc12,-2.462397997898956
COc1ccccc1Oc1ncccc1C1CCNCC1,-2.4653828514484184
CC(C)CN([C@H]1CCNC1)C(=O)c1ccccc1-c1ccccc1,-2.4683473304121573
COc1ccccc1Oc1cc(C)ncc1CN(C)C,-2.4712917110589387
C[C@H](CCNCCCC(N)=O)CC1(CCC1)c1ccc(Cl)c(Cl)c1,-2.476686742945645
CC(C)CN(Cc1ccc(cc1)C(F)(F)F)C1CCNCC1,-2.4771212547196626
CN(C)Cc1ccccc1Sc1ccc(CO)cc1N,-2.481442628502305
CNCCc1cccc2[nH]cc(c12)S(=O)(=O)c1ccccc1,-2.48572142648158
COC(=O)C1C2CCC(CC1c1ccc(Cl)c(Cl)c1)N2CCNC(=O)CCC[N+]1=c2cc3c(=Cc4ccc(cc4C3(C)C)N(C)C)cc2CCC1,-2.4885507165004443
CCCC(N1CCCC1)C(=O)c1ccc(I)cc1,-2.4913616938342726
COc1cccc(c1)C(CN(C)C)C1(O)CCCCC1,-2.499687082618404
CNC[C@H]1C2CCC(C2)[C@@H]1c1ccc2cc(F)ccc2c1,-2.499687082618404
CC(=O)c1cc(NC(=O)NCCC[C@H]2C[C@H](Cc3ccc(F)cc3)CCN2CCF)cc(c1)C(C)=O,-2.5010592622177517
Cc1cccc(F)c1Oc1cccc(F)c1OC1CCNCC1,-2.509202522331103
NCCc1ccc(O)c(O)c1,-2.509202522331103
Cc1cccc(F)c1Oc1cccc(F)c1OC1CCNC1,-2.515873843711679
CCOc1ccc(cc1)C1(C[C@H](C)CCNCCCC(N)=O)CCC1,-2.5170638734826545
Cc1ccccc1Oc1ncccc1C1CCNCC1,-2.5185139398778875
CN1C2CCC1C(C(C2)c1ccc(Cl)cc1)C(=O)NCCCCCCNC(=O)C1C2CCC(CC1c1ccc(Cl)cc1)N2C,-2.5185139398778875
COc1ccc(cc1)[C@H]1C[C@H]2CC[C@H]([C@H]1C(=O)OCCc1ccc(cc1)[N+]([O-])=O)N2C,-2.5185139398778875
O[C@H](CCN1CCC(CCOC(c2ccc(F)cc2)c2ccc(F)cc2)CC1)c1ccccc1,-2.5185139398778875
N[C@H](CN1CCC(CCOC(c2ccc(F)cc2)c2ccc(F)cc2)CC1)Cc1ccccc1,-2.5289167002776547
COC(=O)[C@H]([C@@H]1CCCCN1)c1ccccc1,-2.530199698203082
CN(C)C[C@H](c1cccc(Cl)c1)C1(O)CCCCC1,-2.530199698203082
COC(=O)C(C1CCCCN1)c1ccccc1,-2.531478917042255
CC(C)CC(C1CCCCN1)c1cccc(Cl)c1,-2.531478917042255
C(C(N1CCNCC1)c1ccccc1)c1cccc2CCOc12,-2.531478917042255
COc1ccc(Cc2cc(on2)[C@@H]2C3CCC(C[C@@H]2c2ccc(Cl)cc2)N3C)cc1,-2.5403294747908736
CN1C2CCC1[C@H]([C@H](C2)c1ccc(C)cc1)c1onc(C)c1-c1ccc(F)cc1,-2.5428254269591797
C1Cc2cccc(OC(C3CNCCO3)c3ccccc3)c2O1,-2.5440680443502757
COc1ccc(Cc2cc(on2)[C@@H]2C3CCC(C[C@@H]2c2ccc(C)cc2)N3C)cc1,-2.552668216112193
Fc1ccc(cc1)C(OCCC1CCN(C[C@H]2C[C@@H]2c2ccccc2)CC1)c1ccc(F)cc1,-2.5550944485783194
CCc1nn(CCCN2CCN(CC2)c2cccc(Cl)c2)c(=O)n1CCOc1ccccc1,-2.5563025007672873
CCC(C1CCCCN1)c1ccc(Cl)cc1,-2.5563025007672873
CC(C1CCCCN1)c1ccc(Cl)cc1,-2.5563025007672873
O[C@H](CN1CCC(CCOC(c2ccc(F)cc2)c2ccc(F)cc2)CC1)Cc1ccccc1,-2.5575072019056577
CN1CCN(CC(c2cccc(F)c2)C2(O)CCCCC2)CC1,-2.561101383649056
CCc1ccccc1Oc1cc(C)ncc1CNC,-2.5634810853944106
OC1(CCCCC1)C(CN1CCNCC1)c1cccc(F)c1,-2.5658478186735176
CCc1ccc(Sc2ccccc2CN(C)C)c(N)c1,-2.568201724066995
CN(CCOC(c1ccccc1)c1ccccc1)CCN(C)CCc1ccc(F)cc1,-2.568201724066995
CCCC(N1CCCC1)C(=O)c1ccc(cc1)-c1cccs1,-2.568201724066995
Fc1cccc(Oc2cccc(Cl)c2Cl)c1OC1CNC1,-2.5728716022004803
Clc1ccc(cc1)C(C1CCCC1)C1CCCCN1,-2.57978359661681
Oc1ccc(cc1)C1(O)N2CCCN=C2c2ccccc12,-2.57978359661681
CN1C2CCC1[C@H]([C@H](C2)c1ccc(Cl)cc1)C(=O)OCCCCCn1ccnn1,-2.57978359661681
CC(=O)CN1CC[C@@H](Cc2ccc(F)cc2)C[C@@H]1CCCNC(=O)Nc1cc(cc(c1)C(C)=O)C(C)=O,-2.5809249756756194
COc1ccc(cc1)C(CN(C)C)C1(O)CCCCC1,-2.5854607295085006
CC(C)CN(Cc1ccc(cc1F)C(F)(F)F)C1CCNCC1,-0.3424226808222063
C[C@@H](CCNCCCC(N)=O)CC1(CCC1)c1ccc(Cl)c(Cl)c1,-0.36172783601759284
CN1CC(c2cc3ccccc3o2)c2ccc(cc2C1)-c1cccnn1,-0.38021124171160603
COC(=O)C1C2CCC(CC1c1ccc(\C=C/Br)cc1)N2,-0.3979400086720376
CN1Cc2ccccc2C(C1Cl)c1ccc2[nH]ncc2c1,-0.414973347970818
CC(C)(C)CN(Cc1ccccc1C(F)(F)F)C1CCNCC1,-0.43136376415898736
CCOc1ccc(cc1)C1(C[C@@H](C)CCNCCCC(N)=O)CCC1,-0.44560420327359757
Brc1ccc(cc1)C1CC2CCC3C1C(=C)CN23,-0.46834733041215726
C(c1ccccc1)C1(CCNC1)c1ccc2sccc2c1,-0.47712125471966244
CN(C)Cc1ccc2C(CN(C)Cc2c1)c1ccc2sccc2c1,-0.47712125471966244
CNCCCC1Cc2ccccc2N(C1=O)c1ccc(C)cc1,-0.47712125471966244
Cc1ccc(F)c(Oc2ccccc2C2CCNCC2)c1,-0.47712125471966244
O=C(N([C@H]1CCNC1)c1ccccc1)c1ccccc1Oc1ccccc1,-0.47712125471966244
Fc1ccc(CN(CC2CCC2)C2CCNCC2)c(c1)C(F)(F)F,-0.4913616938342727
COC(=O)[C@@H]1C2CCC(C[C@H]1c1ccc(Cl)cc1)N2C,-0.4913616938342727
FCCc1ccccc1O[C@H]([C@@H]1CNCCO1)c1ccccc1,-0.49692964807321494
CC(C)CN(Cc1ccccc1C(F)(F)F)C1CCNCC1,-0.505149978319906
CSc1ccccc1CN(CC(C)C)C1CCNCC1,-0.5185139398778874
CC(C)CN(Cc1ccccc1C)C1CCNCC1,-0.5185139398778874
OCC[C@@]1(CCCNC1)c1ccc(Cl)c(Cl)c1,-0.5185139398778874
CN1[C@H]2CC[C@@H]1[C@@H](C=C(Br)Br)[C@H](C2)c1ccc(C)cc1,-0.5314789170422551
CC(C)CN(Cc1cc(F)ccc1C(F)(F)F)C1CCNCC1,-0.5314789170422551
CN1[C@H]2CC[C@@H]1[C@@H](C=C(Br)Br)[C@H](C2)c1ccc(Cl)cc1,-0.5440680443502757
CCCN(Cc1ccc(F)cc1C(F)(F)F)C1CCNCC1,-0.5563025007672873
FCCCc1ccccc1O[C@H]([C@@H]1CNCCO1)c1ccccc1,-0.5658478186735176
O[C@@](Cc1ccccc1-c1ccccc1)([C@@H]1CNCCO1)c1ccccc1,-0.568201724066995
CCCC(C1CCCCN1)c1ccc(Cl)c(Cl)c1,-0.5910646070264992
COc1cccc(CN(C2CCNCC2)c2ccc3[nH]ccc3c2)c1,-0.5998830720736879
OCC[C@@]1(CCCNC1)c1cc2ccccc2o1,-0.6020599913279624
CN1C[C@@H](c2ccccc2)c2cccc(N)c2C1,-0.6020599913279624
FC(F)(F)c1ccccc1CN(C1CCCC1)C1CCNCC1,-0.6127838567197355
CN1CC(c2ccc3ccccc3c2)c2ccc(cc2C1)-c1cccnn1,-0.6127838567197355
CCOc1ncccc1O[C@H](CCNC)c1ccccc1,-0.6232492903979004
CC(C)(O)CN(Cc1ccc(F)cc1C(F)(F)F)C1CCNCC1,-0.6232492903979004
CN(C)C[C@H]1C2CCC(C2)[C@@H]1c1ccc2cc(F)ccc2c1,-2.5854607295085006
CCCC(N1CCCC1)C(=O)c1ccc(Br)cc1,-2.586587304671755
CC(=O)c1cc(NC(=O)NCCC[C@H]2C[C@H](Cc3ccc(F)cc3)CCN2C(N)=N)cc(c1)C(C)=O,-2.5888317255942073
N[C@H]1CC[C@@H](c2ccc(Cl)c(Cl)c2)c2ccccc12,-2.591064607026499
CCOc1cc(Cl)ccc1OC(C1CNCCO1)c1ccccc1,-2.591064607026499
CN1CC[C@@H]([C@H](CCCN2CCS[Re]3(=O)SCCN3C(=O)C2)C1)c1ccc(Cl)cc1,-2.5943925503754266
C(C(c1ccccc1)c1ccncc1)c1ccccc1,-2.5943925503754266
CCCN(C)[C@@H]1C[C@H](c2ccccc12)c1ccc(Cl)c(Cl)c1,-2.6020599913279625
N[C@@H](CN1CCC(CCOC(c2ccc(F)cc2)c2ccc(F)cc2)CC1)Cc1ccccc1,-2.60422605308447
CN(C)Cc1cc(OCCCCF)ccc1Oc1ccc(C)cc1N,-2.6085260335771943
CNCC[C@H](Oc1ccc(cc1)C(F)(F)F)c1ccccc1,-2.6127838567197355
Clc1ccc(Oc2ncccc2C2CCNCC2)c(Cl)c1,-2.615950051656401
C1CC(CCN1)c1ccccc1Oc1ccccc1,-2.6190933306267428
CN1CCN(CC(c2ccc(OC(F)(F)F)cc2)C2(O)CCCCC2)CC1,-2.6201360549737576
CC(C)CN(Cc1cccc(c1Cl)C(F)(F)F)C1CCNCC1,-2.6232492903979003
CNCc1cc(ccc1Oc1cccc(Cl)c1)C(=O)N1CCCN(CC1)C1CC1,-2.6232492903979003
CN[C@@H]1CC[C@@H](c2ccc(Cl)c(Cl)c2)c2ccccc12,-2.6232492903979003
CCCC(N1CCCC1)C(=O)c1ccccc1C,-2.6283889300503116
COC(=O)[C@@H]1[C@H]2CC[C@@H](C[C@@H]1c1ccc(C)cc1)N2C\C=C(/I)C(F)(F)F,-2.629409599102719
O=S(=O)(c1c[nH]c2cccc(CCNC3CCCC3)c12)c1ccccc1,-2.6314437690131722
OCC[C@]1(CCCNC1)c1cc2ccccc2o1,-2.6334684555795866
CN1[C@H]2CC[C@@H]1[C@H]([C@H](C2)c1ccc(Cl)cc1)c1cn(CCN2CCCCC2)nn1,-2.6334684555795866
Clc1cccc(c1)C1CNCC=CC1,-2.6334684555795866
Cc1cccc(Cl)c1Oc1cccc(F)c1OC1CNC1,-2.6364878963533656
CN1C2CCC1[C@H]([C@H](C2)c1ccc(Cl)cc1)c1cc(Cc2ccc(F)cc2)no1,-2.6384892569546374
CCCc1ccccc1Oc1cc(C)ncc1CNC,-2.6414741105040997
O[C@@H](CCN1CCC(CCOC(c2ccc(F)cc2)c2ccc(F)cc2)CC1)c1ccccc1,-2.6434526764861874
CN([C@@H]1C[C@H](c2ccccc12)c1ccc(Cl)c(Cl)c1)C(C)(C)C,-2.6434526764861874
CN1C2CCC1[C@H]([C@H](C2)c1ccc(Cl)cc1)C(=O)NCCC1CCN(CC1)C(=O)[C@H]1C2CCC(C[C@@H]1c1ccc(Cl)cc1)N2C,-2.6434526764861874
CCc1ccc(Sc2ccccc2CNC)c(N)c1,-2.648711208298882
COC(=O)C1C2CCC(CC1c1ccc(\C=C/I)cc1)N2C,-2.6532125137753435
COc1ccc(cc1)-c1cc(on1)[C@@H]1C2CCC(C[C@@H]1c1ccc(Cl)cc1)N2C,-2.6570558528571038
CN1C2CCC1[C@H]([C@H](C2)c1ccc(C)cc1)c1cc(Cc2ccc(F)cc2)no1,-2.6570558528571038
COc1ccc(cc1)-c1cc(on1)[C@@H]1C2CCC(C[C@@H]1c1ccc(C)cc1)N2C,-2.6580113966571126
COc1ccc(F)cc1C[C@@H]1CC[C@H](CCN)O1,-2.6580113966571126
C(COc1ccc2[C@@H](CN3CCC[C@@H]3c2c1)c1cccnc1)CN1CCCCC1,-2.662757831681574
Clc1ccc(cc1Cl)[C@@H]1C[C@@H](NCc2ccccc2)c2ccccc12,-2.662757831681574
CCOc1ccccc1Oc1cc(C)ncc1CNC,-2.663700925389648
OC1(CC2CCC(C1)N2CCCSc1ccccc1F)c1ccc(Cl)cc1,-2.6646419755561257
CCS(=O)(=O)N(Cc1ccccc1-c1ccccc1)[C@H]1CCN(C)C1,-2.66838591669
CN1C2CCC1[C@H]([C@H](C2)c1ccc(Cl)cc1)c1onc(C)c1-c1ccc(F)cc1,-2.66838591669
CN(C)Cc1cc(I)ccc1Sc1ccc(CO)cc1N,-2.6693168805661123
CNCc1cc(ccc1Oc1ccccc1)C(=O)N1CCCN(CC1)C1CC1,-2.6720978579357175
CNCc1cc(ccc1Oc1ccc(SC)c(C)c1)C(=O)N1CCN(CC1)C(C)C,-2.6720978579357175
Fc1ccc(cc1)C(OCCNCCCNC(=O)Cc1ccccc1)c1ccc(F)cc1,-2.678518379040114
Fc1cccc(F)c1Oc1cccc(F)c1OC1CNC1,-2.6830470382388496
CNCc1ccccc1Sc1ccc(CO)cc1N,-2.6844413876256064
O[C@H](CN1CCC(CCOC(c2ccccc2)c2ccccc2)CC1)Cc1ccccc1,-2.6857417386022635
CCCNCCc1cccc2[nH]cc(c12)S(=O)(=O)c1ccccc1,-2.6875289612146345
CN1CC(c2ccc(C)s2)c2ccccc2C1,-2.6884198220027105
Fc1ccccc1Oc1cccc(F)c1OC1CCNCC1,-2.6893088591236203
CN1C2CCC1C1COC(=O)CCC3(CCC(=O)Nc4ccc(cc4)C1C2)c1ccccc1-c1ccccc31,-2.690196080028514
Clc1ccc(cc1)C(CCCc1ccccc1)C1CCCCN1,-2.690196080028514
CC(=O)c1cc(NC(=O)NCCC[C@H]2C[C@H](Cc3ccc(F)cc3)CCN2CCCO)cc(c1)C(C)=O,-2.696356388733332
CN(C)Cc1ccc(OCCCF)cc1Oc1ccc(C)cc1N,-2.6989700043360187
COC(=O)[C@@H]1[C@H]2CC[C@@H](C[C@@H]1c1ccc(C)cc1)N2C\C=C\I,-2.6989700043360187
CN1C2CCC1C1COC(=O)CCSCCC(=O)Nc3ccc(cc3)C1C2,-2.6989700043360187
CN(C)Cc1ccc(F)cc1Oc1ccc(C)cc1N,-2.7015679850559273
Fc1ccccc1Oc1cccc(F)c1OC1CNC1,-2.705007959333336
C[n+]1ccc(cc1)-c1ccccc1,-2.705007959333336
Clc1ccc(cc1Cl)C(=O)C(CC=C)N1CCCC1,-2.7067177823367587
OC1(CC2CCC(C1)N2CCCSc1cccc(F)c1)c1ccc(Cl)cc1,-2.7075701760979363
COc1cccc(c1)C(CN1CCN(C)CC1)C1(O)CCCCC1,-2.710963118995276
COC(=O)[C@@H]1C2CCC(C[C@@H]1c1ccc(cc1)S(C)=O)N2C,-2.711807229041191
CN1C2CCC1[C@H]([C@H](C2)c1ccc(C)cc1)c1onc(C)c1-c1ccc(Cl)cc1,-2.7151673578484576
COc1ccc(cc1)C(CN1CCNCC1)C1(O)CCCCC1,-2.7151673578484576
CCCC(NC(C)(C)C)C(=O)c1ccc(Cl)c(Cl)c1,-2.716003343634799
CC(=O)c1cc(NC(=O)NCCC[C@H]2C[C@H](Cc3ccc(F)cc3)CCN2CC#C)cc(c1)C(C)=O,-2.7193312869837265
Fc1ccccc1COc1ccccc1N1CCNCC1,-2.7209857441537393
Fc1ccccc1Oc1ccccc1OC1CNC1,-2.722633922533812
CNCc1cc(ccc1Oc1ccc(SC)cc1)C(=O)N1CCN(CC1)C(C)C,-2.724275869600789
CN(C)CC(c1ccc(O)cc1)C1(O)CCCCC1,-2.725339815909737
Fc1ccccc1Oc1ncccc1C1CCNCC1,-2.72916478969277
CCCN(C)[C@H]1C[C@H](c2ccccc12)c1ccc(Cl)c(Cl)c1,-2.7323937598229686
CCCN[C@H]1C[C@H](c2ccccc12)c1ccc(Cl)c(Cl)c1,-2.7323937598229686
OC1(CCCCC1)[C@@H](CN1CCNCC1)c1cccc(OC(F)(F)F)c1,-2.73559889969818
COC(=O)[C@@H]1C2CC[C@H](C[C@@H]1c1ccccc1)N2C,-2.7403626894942437
CN1C2CCC1[C@H]([C@H](C2)c1ccccc1)c1ccccc1,-2.7403626894942437
CN1C2CCC1[C@H]([C@H](C2)c1ccc(C)cc1)c1cc(no1)-c1ccc(F)cc1,-2.741939077729199
CN1C2CCC1[C@H]([C@H](C2)c1ccc(Cl)cc1)c1cc(no1)-c1ccc(F)cc1,-2.7427251313046983
C1CN(CCN1)c1ccccc1Oc1ccccc1,-2.74350976472843
COC(=O)[C@@H]1[C@H]2CC[C@@H](C[C@@H]1c1ccccc1)N2C,-2.7450747915820575
C[C@H](CCN1CCC(CCOC(c2ccc(F)cc2)c2ccc(F)cc2)CC1)c1ccccc1,-2.7481880270062002
CSc1ccccc1C(=O)N(CC1CCC1)[C@@H]1CCNC1,-2.7573960287930244
Fc1ccc(cc1)C(O[C@H]1C[C@@H]2CC[C@H](C1)N2C(=O)\C=C\c1ccccc1)c1ccc(F)cc1,-2.7611758131557314
Fc1ccc(cc1)C(OCCNCCNC(=O)Cc1ccccc1)c1ccc(F)cc1,-2.7810369386211318
COc1cc(F)ccc1OC(C1CNCCO1)c1ccccc1,-2.785329835010767
CN(C)Cc1cc(F)ccc1Sc1ccc(CO)cc1N,-2.790988475088816
CN1C2CCC1[C@@H]([C@H](C2)c1ccc(cc1)-c1ccsc1)C(=O)NCc1ccc(CNC(=O)[C@@H]2C3CCC(C[C@@H]2c2ccc(cc2)-c2ccsc2)N3C)cc1,-2.792391689498254
CCN(CC)c1ccc2c(-c3ccc(cc3S([O-])(=O)=O)S(=O)(=O)NC[C@H]3CC[C@@H](CC3)C(=O)NCCN3C4CCC3[C@H]([C@H](C4)c3ccc(Cl)c(Cl)c3)C(=O)OC)c3ccc(cc3oc2c1)=[N+](CC)CC,-2.7972675408307164
CN1CC(c2ccc(Cl)cc2)c2ccccc2C1,-2.7993405494535817
C(CN1CCN(CCOC(c2ccccc2)c2ccccc2)CC1)Cc1ccccc1,-2.7993405494535817
Clc1ccc2[nH]cc(CCN(CC=C)CC=C)c2c1,-2.8000293592441343
CN(C)Cc1cc(OCCCF)ccc1Oc1ccc(C)cc1N,-2.800717078282385
NCC1CCC(CCc2c(F)c(F)c(F)c(F)c2F)O1,-2.802089257881733
COC(=O)[C@@H]1[C@H]2CC[C@H](C[C@@H]1c1ccc(F)cc1)N2C,-2.8027737252919755
COC(=O)[C@H]1C2CC[C@@H]3C[C@@H]1\C(CN23)=C\c1ccc(Cl)c(Cl)c1,-2.806179973983887
Fc1ccc(N2CCS\C(=C/c3ccccc3N3CCNCC3)C2=O)c(F)c1,-2.8129133566428557
CC(C)N(C)[C@H]1C[C@H](c2ccccc12)c1ccc(Cl)c(Cl)c1,-2.8129133566428557
Fc1cccc(Cl)c1Oc1ncccc1N1CCNCC1,-2.821513528404773
CN(C)Cc1ccccc1Sc1ccc(CF)cc1N,-2.822037248072585
CC(O)c1nn(CCCN2CCN(CC2)c2ccc(Cl)cc2)c(=O)n1CCOc1ccccc1,-2.8221680793680175
CN(C)Cc1cc(OCCF)ccc1Oc1ccc(C)cc1N,-2.824125833916549
CCCC(N1CCCC1)C(=O)c1cccc(I)c1,-2.8260748027008264
CN1C2CCC1[C@H]([C@H](C2)c1ccc(Cl)cc1)c1cc(Cc2ccc(Cl)cc2)no1,-2.8305886686851442
OC1(N2[C@H]3CCCC[C@@H]3N=C2c2ccccc12)c1ccc(Cl)cc1,-2.838849090737255
COC(=O)[C@@H]1C2CCC(C[C@@H]1c1ccc(c(Br)c1)S(C)=O)N2C,-2.838849090737255
CC(C)CN(Cc1cccc(c1)C#N)C1CCNCC1,-2.838849090737255
CN(C)Cc1ccccc1Sc1ccc(I)cc1N,-2.8444771757456815
CN1C2CCC1C1COC(=O)CCC(=O)CCC(=O)Nc3ccc(cc3)C1C2,-2.8512583487190755
COc1ccc2CN(CCCc3c[nH]c4ccc(I)cc34)CCc2c1,-2.8524799936368566
CNC1CCC(c2ccc(Cl)c(Cl)c2)c2ccccc12,-2.8543060418010806
OC1(CCCCC1)C(CN1CCNCC1)c1ccc(Cl)cc1,-2.8555191556678
CN(C)Cc1cc(Br)ccc1Sc1ccc(CO)cc1N,-2.8603380065709936
CNCc1cc(ccc1Oc1cccc(OC)c1)C(=O)N1CCN(CC1)C(C)C,-2.863322860120456
O[C@@H](CCc1ccccc1)CN1CCC(CCOC(c2ccc(F)cc2)c2ccc(F)cc2)CC1,-2.866877814337499
CN(C)CCON=C(C=Cc1ccc(O)cc1)c1ccccc1F,-2.868938178332911
COC(=O)[C@@H]1C2CCC(C[C@H]1c1ccc(F)cc1)N2C,-2.869818207979328
COc1cccc(c1)C(CN1CCNCC1)C1(O)CCCCC1,-2.8721562727482928
Clc1ccccc1Oc1ncccc1N1CCNCC1,-2.873320601815399
CN1CC[C@@H](C1)N(Cc1ccccc1-c1ccccc1)S(C)(=O)=O,-2.8739015978644615
CNCc1cc(ccc1Oc1cccc(F)c1)C(=O)N1CCCN(CC1)C1CC1,-2.8808135922807914
COc1ccc(OC[C@H]2CN(C)CC[C@@H]2c2ccccc2)cc1,-2.8808135922807914
CN1C2CCC1[C@H]([C@H](C2)c1ccc(C)cc1)c1cc(Cc2ccc(C)cc2)no1,-2.886490725172482
FCCCOc1ccc2CN(CCc2c1)[C@H]1CC[C@H](CC1)c1c[nH]c2ccc(cc12)C#N,-2.887617300335736
O[C@@H](CN1CCC(CCOC(c2ccccc2)c2ccccc2)CC1)Cc1ccccc1,-2.8948696567452528
CN1CCN(C[C@@H](c2cccc(OC(F)(F)F)c2)C2(O)CCCCC2)CC1,-2.8948696567452528
CN1C2CCC1[C@H]([C@H](C2)c1ccc(Cl)cc1)c1onc(C)c1-c1ccc(Cl)cc1,-2.8965262174895554
NCCc1cccc2[nH]cc(c12)S(=O)(=O)c1ccccc1,-2.8987251815894934
O=C(N(C1CCNCC1)c1ccc2[nH]ccc2c1)c1ccccc1,-2.9000009651534695
CN1CC(c2ccccc2)c2c(C)cccc2C1,-2.906335041805091
CC(C)C(C1CCCCN1)c1ccc(Cl)cc1,-2.90848501887865
CN1C2CCC1[C@@H]([C@H](C2)c1ccc(Cl)cc1)C(=O)NCc1ccc(NC(=O)[C@@H]2C3CCC(C[C@@H]2c2ccc(Cl)cc2)N3C)cc1,-2.90848501887865
CC(C)c1ccccc1C(=O)N(CC1CCC1)[C@@H]1CCNC1,-2.916453948549925
Fc1ccc(OC(C2CNCCO2)c2ccccc2)c(Cl)c1,-2.9190780923760737
CN1C2CCC1C(C(C2)c1ccc(Cl)cc1)C(=O)NCCCCCCCCNC(=O)C1C2CCC(CC1c1ccc(Cl)cc1)N2C,-2.9190780923760737
CC(C)CCC(C1CCCCN1)c1ccc(Cl)cc1,-2.9190780923760737
CCCC(N1CCCC1)C(=O)c1ccc(F)cc1,-2.9190780923760737
CC(C)CC(C1CCCCN1)c1ccc(Cl)cc1,-2.9242792860618816
CN1C2CCC1[C@H]([C@H](C2)c1ccc(C)cc1)c1cc(Cc2ccc(Cl)cc2)no1,-2.9242792860618816
Fc1ccc(CC(=O)NCCNCCOC(c2ccc(F)cc2)c2ccc(F)cc2)cc1,-2.926342446625655
CN1C2CCC1CC(C2)OC(c1ccc(F)cc1)c1ccc(F)cc1,-2.926342446625655
CCCCCCc1ccc2C(CN)c3ccccc3Cc2c1,-2.926856708949692
COC(=O)[C@@H]1CN(C)CC[C@@H]1c1ccc(I)cc1,-2.931966114728173
Cc1cc(F)ccc1OC(C1CNCCO1)c1ccccc1,-2.934498451243568
CC(=O)c1cc(NC(=O)NCCC[C@H]2C[C@H](Cc3ccc(F)cc3)CCN2CC=C)cc(c1)C(C)=O,-2.9425041061680806
Cc1cc(CCC2CCC(CCN)O2)ccc1F,-2.94546858513182
CNCc1cnc(C)cc1Oc1ccccc1OC,-2.964259630196849
Cc1ccc(Oc2ncccc2C2CCNCC2)c(F)c1,-2.964259630196849
CN(C)Cc1ccccc1Sc1ccc(CCF)cc1N,-2.9759829437125465
Fc1ccc(cc1)C(OCCC1CCN(C[C@@H]2C[C@H]2c2ccccc2)CC1)c1ccc(F)cc1,-2.9763499790032735
COc1cc-2c(C[C@@H]3N(C)CCc4cc(OC)c(OC)c-2c34)cc1O,-2.9777236052888476
CC(=O)c1cccc(NC(=O)N[C@@H]2CCCC[C@H]2CN2CCC[C@@H](Cc3ccc(F)cc3)C2)c1,-2.9777236052888476
CNCc1cnc(C)cc1Oc1ccccc1C,-2.978180516937414
NCC[C@@H](Oc1cccc2ccccc12)c1cccs1,-2.979092900638326
COC(=O)[C@@H]1C2CCC(C[C@@H]1c1ccc(SC)cc1)N2CCCF,-2.9822712330395684
CCC(CC)C(C1CCCCN1)c1ccc(Cl)cc1,-2.9867717342662448
CN1[C@H]2CC[C@@H]1[C@H]([C@H](C2)c1ccc(C)cc1)c1ncc(s1)-c1cccc(c1)[N+]([O-])=O,-2.99563519459755
Fc1ccc(cc1)C(NC1CC2CCC(C1)N2)c1ccc(F)cc1,-2.998695158311656
Clc1cccc(Cl)c1N=C1NCCN1,-3.0
N#Cc1ccc(CN(C2CCNCC2)c2ccc3[nH]ccc3c2)cc1,-3.0
Fc1ccccc1Oc1ccccc1OC1CCNCC1,-3.0
COC(=O)[C@@H]1[C@@H]2CC[C@H](C[C@@H]1c1ccc(C)cc1)N2C\C=C\I,-3.0
CN(C)Cc1ccccc1Sc1ccc(C)cc1NC(=O)c1ccc(cc1)[N+]([O-])=O,-3.0
C=CCN(CCc1c[nH]c2ccccc12)CC=C,-3.0
Brc1ccc2[nH]cc(CCN(CC=C)CC=C)c2c1,-3.0
CN(C)Cc1cc(OCCCF)ccc1Sc1ccc(Br)cc1N,-3.0
CNCc1ccccc1Sc1ccc(C)cc1NCc1ccc(F)cc1,-3.0
CN(C)Cc1ccccc1Sc1ccc(cc1N)C#N,-3.0
C[C@@H]1CNC[C@H]2Cc3ccc(COCC4CC4)nc3N12,-3.0
O=C(Cc1ccccc1)NC1CCN(CCCN2C(=O)COc3ccccc23)CC1,-3.0
CCCCC1CCN(CCCC(=O)c2ccccc2C)CC1,-3.0
COc1ccc(cc1)N1CCN(CCCNC(=O)Cn2c3nccc(C)c3n3cccc3c2=O)CC1,-3.0
CC(C)N(CCNC(=O)c1ccc(CNS(=O)(=O)c2ccc(C)cc2)cc1)Cc1ccccc1,-3.0
NC1=NC2(CO1)CCc1ccccc1C2,-3.0
C[C@@H](c1cnc[nH]1)c1cccc(C)c1C,-3.0